{
    "gm1252760410-365677148_part2": {
        "metadata": {
            "cut": [
                0,
                95
            ],
            "crop": [
                0,
                1280,
                0,
                720
            ],
            "tech": 2.082,
            "motion": 0.01223986130207777,
            "fps": 29.969999313354492,
            "num_frames": 95,
            "resolution": {
                "height": 720,
                "width": 1280
            },
            "path": "gm1252760410-365677148_part2.mp4",
            "aesthetic": 5.070407867431641
        }
    }
}