{
    "faceobj_14": {
        "aes_score": 4.811809062957764
    },
    "singleface_3": {
        "aes_score": 5.194509506225586
    }
}