{
    "singleface_3": {
        "cur_score": 0.9420197624713182,
        "arc_score": 0.9367029462009668
    }
}