{
    "faceobj_14": {
        "gme_score": 0.68115234375
    },
    "singleface_3": {
        "gme_score": 0.67236328125
    }
}